﻿Designator,Footprint,Quantity,Value,LCSC Part #
"C1, C2",0603,2,1u,
"C3, C4, C5",0603,3,0.1u,
"J1, J3",PinSocket_1x03_P2.54mm_Vertical,2,Conn_01x03_Pin,
J2,PinHeader_1x06_P2.54mm_Vertical,1,Conn_01x06_Pin,
J4-Vbat,AMASS_XT30U-M_1x02_P5.0mm_Vertical,1,Conn_01x02_Pin,
J5,PinHeader_1x02_P2.54mm_Vertical,1,Conn_01x02_Pin,
"Q1, Q2, Q3, Q4, Q5, Q6",D0199,6,EPC2014C,
"R1, R2, R3",2512,3,1m,
R4,0603,1,200,
TP1,TestPoint_Pad_D2.0mm,1,Vbat,
TP10,TestPoint_Pad_D2.0mm,1,Vref,
TP2,TestPoint_Pad_D2.0mm,1,Common,
TP3,TestPoint_Pad_D2.0mm,1,3.3V,
TP7,TestPoint_Pad_D2.0mm,1,Via,
TP8,TestPoint_Pad_D2.0mm,1,Vib,
TP9,TestPoint_Pad_D2.0mm,1,Vic,
"U1, U2, U3",SOT-23-6,3,INA181,
U4,SOT-23,1,TL431DBZ,
U5,WSON-6-1EP_3x3mm_P0.95mm,1,LP38693SD-3.3,
